{
  "aerosol": {
    "tstats": 6.317318040364437,
    "p-value": 8.790954535724312e-9
  },
  "antibody": {
    "tstats": 0.26952359366575673,
    "p-value": 0.7881175502709834
  },
  "antibody test": {
    "tstats": 4.70848291074256,
    "p-value": 8.591321014394179e-6
  },
  "antigen test": {
    "tstats": 2.4977866308188426,
    "p-value": 0.014235117777850657
  },
  "asymptomaticcontact tracing": {
    "tstats": 6.855654600401046,
    "p-value": 7.376743640632753e-10
  },
  "convalescent plasma therapy": {
    "tstats": 6.317318040364437,
    "p-value": 8.790954535724312e-9
  },
  "diagnostic test": {
    "tstats": 6.855654600401046,
    "p-value": 7.376743640632753e-10
  },
  "drive-thru testing": {
    "tstats": 6.855654600401046,
    "p-value": 7.376743640632753e-10
  },
  "droplet": {
    "tstats": 5.067939903934189,
    "p-value": 2.006677848474344e-6
  },
  "emergency use authorization": {
    "tstats": 0.3838429668464594,
    "p-value": 0.7019616912232014
  },
  "endemic": {
    "tstats": 6.317318040364437,
    "p-value": 8.790954535724312e-9
  },
  "Epidemic": {
    "tstats": 6.855654600401046,
    "p-value": 7.376743640632753e-10
  },
  "Flattening the curve": {
    "tstats": 6.855654600401046,
    "p-value": 7.376743640632753e-10
  },
  "Herd immunity": {
    "tstats": 6.855654600401046,
    "p-value": 7.376743640632753e-10
  },
  "Hydroxychloroquine": {
    "tstats": 6.855654600401046,
    "p-value": 7.376743640632753e-10
  },
  "Incubation period": {
    "tstats": 6.855654600401046,
    "p-value": 7.376743640632753e-10
  },
  "Infusion": {
    "tstats": 6.855654600401046,
    "p-value": 7.376743640632753e-10
  },
  "N95 respirator": {
    "tstats": 6.855654600401046,
    "p-value": 7.376743640632753e-10
  },
  "N95": {
    "tstats": 6.855654600401046,
    "p-value": 7.376743640632753e-10
  },
  "N95 mask": {
    "tstats": 6.855654600401046,
    "p-value": 7.376743640632753e-10
  },
  "mask": {
    "tstats": -4.984313686831843,
    "p-value": 2.8285951954277567e-6
  },
  "Outbreak": {
    "tstats": 6.855654600401046,
    "p-value": 7.376743640632753e-10
  },
  "Pandemic": {
    "tstats": 6.855654600401046,
    "p-value": 7.376743640632753e-10
  },
  "Paxlovid": {
    "tstats": 6.855654600401046,
    "p-value": 7.376743640632753e-10
  },
  "PCR test": {
    "tstats": 6.855654600401046,
    "p-value": 7.376743640632753e-10
  },
  "PCR": {
    "tstats": 6.855654600401046,
    "p-value": 7.376743640632753e-10
  },
  "Personal protective equipment": {
    "tstats": 6.855654600401046,
    "p-value": 7.376743640632753e-10
  },
  "PPE": {
    "tstats": 6.855654600401046,
    "p-value": 7.376743640632753e-10
  },
  "Pre-symptomatic": {
    "tstats": 6.855654600401046,
    "p-value": 7.376743640632753e-10
  },
  "Quarantine": {
    "tstats": 6.855654600401046,
    "p-value": 7.376743640632753e-10
  },
  "R0": {
    "tstats": 6.855654600401046,
    "p-value": 7.376743640632753e-10
  },
  "Remdesivir": {
    "tstats": 6.855654600401046,
    "p-value": 7.376743640632753e-10
  },
  "Veklury": {
    "tstats": 6.855654600401046,
    "p-value": 7.376743640632753e-10
  },
  "Self-isolation": {
    "tstats": 6.855654600401046,
    "p-value": 7.376743640632753e-10
  },
  "Serology test": {
    "tstats": 6.855654600401046,
    "p-value": 7.376743640632753e-10
  },
  "Social distancing": {
    "tstats": 6.855654600401046,
    "p-value": 7.376743640632753e-10
  },
  "State of emergency": {
    "tstats": 6.855654600401046,
    "p-value": 7.376743640632753e-10
  },
  "Swab test": {
    "tstats": 6.855654600401046,
    "p-value": 7.376743640632753e-10
  },
  "Tocilizumab": {
    "tstats": 6.855654600401046,
    "p-value": 7.376743640632753e-10
  },
  "Actemra": {
    "tstats": 6.855654600401046,
    "p-value": 7.376743640632753e-10
  },
  "Trial": {
    "tstats": 6.855654600401046,
    "p-value": 7.376743640632753e-10
  },
  "Vaccine": {
    "tstats": 6.855654600401046,
    "p-value": 7.376743640632753e-10
  },
  "Variant": {
    "tstats": 6.855654600401046,
    "p-value": 7.376743640632753e-10
  },
  "Ventilator": {
    "tstats": 6.855654600401046,
    "p-value": 7.376743640632753e-10
  },
  "Viral load": {
    "tstats": 6.855654600401046,
    "p-value": 7.376743640632753e-10
  },
  "Viral shedding": {
    "tstats": 6.855654600401046,
    "p-value": 7.376743640632753e-10
  },
  "Viral test": {
    "tstats": 6.855654600401046,
    "p-value": 7.376743640632753e-10
  },
  "hospital": {
    "tstats": -6.303841079861482,
    "p-value": 9.34524832074925e-9
  },
  "surgery": {
    "tstats": 5.000000000000002,
    "p-value": 2.6527796804755076e-6
  },
  "respirator": {
    "tstats": 3.4352645562862842,
    "p-value": 0.0008827803523197255
  },
  "emergency room": {
    "tstats": 4.70848291074256,
    "p-value": 8.591321014394179e-6
  },
  "emergency": {
    "tstats": -2.6739515082586527,
    "p-value": 0.008840335928007424
  },
  "biden": {
    "tstats": -6.283746105332319,
    "p-value": 1.0236407362470406e-8
  },
  "trump": {
    "tstats": -4.544570356831998,
    "p-value": 1.6355926219258796e-5
  },
  "white house": {
    "tstats": -5.675875313469382,
    "p-value": 1.52443388024667e-7
  },
  "CDC": {
    "tstats": 6.855654600401046,
    "p-value": 7.376743640632753e-10
  },
  "Center for Disease ControlWHO": {
    "tstats": 6.855654600401046,
    "p-value": 7.376743640632753e-10
  },
  "World Health Organization": {
    "tstats": 6.855654600401046,
    "p-value": 7.376743640632753e-10
  },
  "shutdown": {
    "tstats": 2.950204010522612,
    "p-value": 0.004007998531875892
  },
  "lockdown": {
    "tstats": -3.728984505704868,
    "p-value": 0.0003285496123586161
  },
  "restrictions": {
    "tstats": -3.5418193045051187,
    "p-value": 0.0006205294263483421
  },
  "democrat": {
    "tstats": -2.952285008187728,
    "p-value": 0.003983391633781915
  },
  "republican": {
    "tstats": -3.5315705707052336,
    "p-value": 0.0006421242235980475
  },
  "GOP": {
    "tstats": 6.855654600401046,
    "p-value": 7.376743640632753e-10
  },
  "Dem": {
    "tstats": 6.855654600401046,
    "p-value": 7.376743640632753e-10
  },
  "senate": {
    "tstats": -0.3282008738534475,
    "p-value": 0.7434897390054294
  },
  "house": {
    "tstats": -7.158572573517892,
    "p-value": 1.7812850684509762e-10
  },
  "house of representatives": {
    "tstats": 6.317318040364437,
    "p-value": 8.790954535724312e-9
  },
  "harris": {
    "tstats": 1.109455979666496,
    "p-value": 0.2700638122673053
  },
  "pelosi": {
    "tstats": 1.0105869735169402,
    "p-value": 0.3148084379652988
  },
  "romney": {
    "tstats": 6.855654600401046,
    "p-value": 7.376743640632753e-10
  },
  "sanders": {
    "tstats": 5.399249830687336,
    "p-value": 5.00999117669106e-7
  },
  "Boris Johnson": {
    "tstats": 6.855654600401046,
    "p-value": 7.376743640632753e-10
  },
  "cuomo": {
    "tstats": -1.8654123083009058,
    "p-value": 0.06524267497626363
  },
  "fox": {
    "tstats": -0.10431753757408115,
    "p-value": 0.9171396187841523
  },
  "cnn": {
    "tstats": -5.830469283291409,
    "p-value": 7.752107610974749e-8
  },
  "fauciAirport": {
    "tstats": 6.855654600401046,
    "p-value": 7.376743640632753e-10
  },
  "Bus": {
    "tstats": 6.855654600401046,
    "p-value": 7.376743640632753e-10
  },
  "Public Transportation": {
    "tstats": 6.855654600401046,
    "p-value": 7.376743640632753e-10
  },
  "Ship": {
    "tstats": 6.855654600401046,
    "p-value": 7.376743640632753e-10
  },
  "Cruise": {
    "tstats": 6.855654600401046,
    "p-value": 7.376743640632753e-10
  },
  "airplane": {
    "tstats": 6.317318040364437,
    "p-value": 8.790954535724312e-9
  },
  "airline": {
    "tstats": -0.2646596104224661,
    "p-value": 0.7918511436911251
  },
  "USA": {
    "tstats": 6.855654600401046,
    "p-value": 7.376743640632753e-10
  },
  "United States": {
    "tstats": 6.855654600401046,
    "p-value": 7.376743640632753e-10
  },
  "New York": {
    "tstats": 6.855654600401046,