{
    "aerosol": {
        "tstats": 0.0,
        "p-value": 1.0
    },
    "antibody": {
        "tstats": 1.4563291104451184,
        "p-value": 0.22751510198633773
    },
    "antibody test": {
        "tstats": 0.046264170290367855,
        "p-value": 0.8296963126428691
    },
    "antigen test": {
        "tstats": 0.09046822084043996,
        "p-value": 0.7635827516051588
    },
    "convalescent plasma therapy": {
        "tstats": 0.0,
        "p-value": 1.0
    },
    "droplet": {
        "tstats": 0.0,
        "p-value": 1.0
    },
    "emergency use authorization": {
        "tstats": 0.6178489376851305,
        "p-value": 0.4318477590625712
    },
    "endemic": {
        "tstats": 0.0,
        "p-value": 1.0
    },
    "mask": {
        "tstats": 6.4334651630434125,
        "p-value": 0.011198988475320519
    },
    "hospital": {
        "tstats": 0.12927184688512078,
        "p-value": 0.7191882107138334
    },
    "surgery": {
        "tstats": 0.7280860952141797,
        "p-value": 0.393504263818921
    },
    "respirator": {
        "tstats": 0.03373113219032608,
        "p-value": 0.8542798986845741
    },
    "emergency room": {
        "tstats": 0.046264170290367855,
        "p-value": 0.8296963126428691
    },
    "emergency": {
        "tstats": 0.21839993251473472,
        "p-value": 0.6402618032689125
    },
    "biden": {
        "tstats": 58.994081921982186,
        "p-value": 1.5814689823869065e-14
    },
    "trump": {
        "tstats": 106.32081224785992,
        "p-value": 6.27143601414829e-25
    },
    "white house": {
        "tstats": 0.19108177494770404,
        "p-value": 0.6620177866787569
    },
    "shutdown": {
        "tstats": 0.0,
        "p-value": 1.0
    },
    "lockdown": {
        "tstats": 0.03770809211173039,
        "p-value": 0.8460304673480774
    },
    "restrictions": {
        "tstats": 5.303099017705422,
        "p-value": 0.021287517660342172
    },
    "democrat": {
        "tstats": 7.536813358675966,
        "p-value": 0.00604508643559392
    },
    "republican": {
        "tstats": 4.5002875348866285,
        "p-value": 0.033889154590860164
    },
    "senate": {
        "tstats": 7.715084868974231,
        "p-value": 0.0054761285359828235
    },
    "house": {
        "tstats": 0.24909773414927794,
        "p-value": 0.6177111082527452
    },
    "house of representatives": {
        "tstats": 0.14024207038651243,
        "p-value": 0.7080404800985203
    },
    "harris": {
        "tstats": 6.68538557312611,
        "p-value": 0.009720649538128973
    },
    "pelosi": {
        "tstats": 6.68538557312611,
        "p-value": 0.009720649538128973
    },
    "sanders": {
        "tstats": 3.5430183872807115,
        "p-value": 0.059796552636665
    },
    "cuomo": {
        "tstats": 3.392134909346315,
        "p-value": 0.06550807794273371
    },
    "fox": {
        "tstats": 10.011338680169143,
        "p-value": 0.0015557939542969954
    },
    "cnn": {
        "tstats": 1.3063495738819617,
        "p-value": 0.25305664997081184
    },
    "airplane": {
        "tstats": 0.0,
        "p-value": 1.0
    },
    "airline": {
        "tstats": 0.19795013424200178,
        "p-value": 0.6563805510874996
    },
    "economy": {
        "tstats": 1.0081387010592836e-05,
        "p-value": 0.9974666250304383
    },
    "commerce": {
        "tstats": 0.0,
        "p-value": 1.0
    },
    "pfizer": {
        "tstats": 4.230977452677011,
        "p-value": 0.03969257557565849
    },
    "moderna": {
        "tstats": 2.44483473674276,
        "p-value": 0.11791230310328303
    },
    "booster": {
        "tstats": 6.601955681912046,
        "p-value": 0.010186681880703125
    },
    "dose": {
        "tstats": 0.3302842270641884,
        "p-value": 0.5654917727977268
    },
    "first dose": {
        "tstats": 9.605648446694543,
        "p-value": 0.0019397976604998452
    },
    "second dose": {
        "tstats": 2.051219785727782,
        "p-value": 0.1520842998573494
    },
    "research": {
        "tstats": 0.34382131683814515,
        "p-value": 0.5576317467003167
    },
    "omicron": {
        "tstats": 5.182007375715989,
        "p-value": 0.02282194288158429
    },
    "delta": {
        "tstats": 3.400754540862075,
        "p-value": 0.06516660325937382
    },
    "positive": {
        "tstats": 9.057551502345374,
        "p-value": 0.0026161207381340066
    },
    "negative": {
        "tstats": 0.026620392923994665,
        "p-value": 0.8703943720473845
    },
    "headache": {
        "tstats": 0.0,
        "p-value": 1.0
    },
    "religious": {
        "tstats": 0.5761711513600143,
        "p-value": 0.44781703298936426
    },
    "fake news": {
        "tstats": 0.0,
        "p-value": 1.0
    },
    "death": {
        "tstats": 1.7689041142542306,
        "p-value": 0.1835177616915506
    },
    "death toll": {
        "tstats": 1.2574880932347643,
        "p-value": 0.2621270963370568
    }
}