{
    "aerosol": {
        "chi2": 0.0,
        "p-value": 1.0
    },
    "antibody": {
        "chi2": 1.4563291104451184,
        "p-value": 0.22751510198633773
    },
    "antibody test": {
        "chi2": 0.046264170290367855,
        "p-value": 0.8296963126428691
    },
    "antigen test": {
        "chi2": 0.09046822084043996,
        "p-value": 0.7635827516051588
    },
    "convalescent plasma therapy": {
        "chi2": 0.0,
        "p-value": 1.0
    },
    "droplet": {
        "chi2": 0.0,
        "p-value": 1.0
    },
    "emergency use authorization": {
        "chi2": 0.6178489376851305,
        "p-value": 0.4318477590625712
    },
    "endemic": {
        "chi2": 0.0,
        "p-value": 1.0
    },
    "epidemic": {
        "chi2": 0.25495908186394406,
        "p-value": 0.6136046798036324
    },
    "herd immunity": {
        "chi2": 1.8338375625904042,
        "p-value": 0.1756749434305436
    },
    "hydroxychloroquine": {
        "chi2": 5.531115854091335,
        "p-value": 0.018681187779268818
    },
    "n95": {
        "chi2": 0.42094958584026976,
        "p-value": 0.5164635993404557
    },
    "n95 mask": {
        "chi2": 0.0,
        "p-value": 1.0
    },
    "mask": {
        "chi2": 6.4334651630434125,
        "p-value": 0.011198988475320519
    },
    "outbreak": {
        "chi2": 7.316920487994981,
        "p-value": 0.006830836183520488
    },
    "pandemic": {
        "chi2": 1.7971043934130124,
        "p-value": 0.18006295416084134
    },
    "pcr": {
        "chi2": 0.0,
        "p-value": 1.0
    },
    "personal protective equipment": {
        "chi2": 0.046264170290367855,
        "p-value": 0.8296963126428691
    },
    "ppe": {
        "chi2": 1.0895350468219371,
        "p-value": 0.29657425041035057
    },
    "quarantine": {
        "chi2": 2.8968207982327647,
        "p-value": 0.08875444318862973
    },
    "remdesivir": {
        "chi2": 0.0,
        "p-value": 1.0
    },
    "self-isolation": {
        "chi2": 0.05088355349301642,
        "p-value": 0.8215328956615017
    },
    "social distancing": {
        "chi2": 2.0786874919384406,
        "p-value": 0.1493685645306415
    },
    "state of emergency": {
        "chi2": 0.0,
        "p-value": 1.0
    },
    "swab test": {
        "chi2": 0.0,
        "p-value": 1.0
    },
    "trial": {
        "chi2": 0.06469680304825284,
        "p-value": 0.7992208009215062
    },
    "vaccine": {
        "chi2": 1.6172468045101493,
        "p-value": 0.2034761091098101
    },
    "variant": {
        "chi2": 2.4854027424317446,
        "p-value": 0.11490693113567672
    },
    "ventilator": {
        "chi2": 1.0081387010592836e-05,
        "p-value": 0.9974666250304383
    },
    "hospital": {
        "chi2": 0.12927184688512078,
        "p-value": 0.7191882107138334
    },
    "surgery": {
        "chi2": 0.7280860952141797,
        "p-value": 0.393504263818921
    },
    "respirator": {
        "chi2": 0.03373113219032608,
        "p-value": 0.8542798986845741
    },
    "emergency room": {
        "chi2": 0.046264170290367855,
        "p-value": 0.8296963126428691
    },
    "emergency": {
        "chi2": 0.21839993251473472,
        "p-value": 0.6402618032689125
    },
    "biden": {
        "chi2": 58.994081921982186,
        "p-value": 1.5814689823869065e-14
    },
    "trump": {
        "chi2": 106.32081224785992,
        "p-value": 6.27143601414829e-25
    },
    "white house": {
        "chi2": 0.19108177494770404,
        "p-value": 0.6620177866787569
    },
    "cdc": {
        "chi2": 5.602087549310799,
        "p-value": 0.017939089970466345
    },
    "world health organization": {
        "chi2": 0.0,
        "p-value": 1.0
    },
    "shutdown": {
        "chi2": 0.0,
        "p-value": 1.0
    },
    "lockdown": {
        "chi2": 0.03770809211173039,
        "p-value": 0.8460304673480774
    },
    "restrictions": {
        "chi2": 5.303099017705422,
        "p-value": 0.021287517660342172
    },
    "democrat": {
        "chi2": 7.536813358675966,
        "p-value": 0.00604508643559392
    },
    "republican": {
        "chi2": 4.5002875348866285,
        "p-value": 0.033889154590860164
    },
    "gop": {
        "chi2": 2.1008171343414355,
        "p-value": 0.1472204424301457
    },
    "senate": {
        "chi2": 7.715084868974231,
        "p-value": 0.0054761285359828235
    },
    "house": {
        "chi2": 0.24909773414927794,
        "p-value": 0.6177111082527452
    },
    "house of representatives": {
        "chi2": 0.14024207038651243,
        "p-value": 0.7080404800985203
    },
    "harris": {
        "chi2": 6.68538557312611,
        "p-value": 0.009720649538128973
    },
    "pelosi": {
        "chi2": 6.68538557312611,
        "p-value": 0.009720649538128973
    },
    "sanders": {
        "chi2": 3.5430183872807115,
        "p-value": 0.059796552636665
    },
    "boris johnson": {
        "chi2": 2.513137395225669,
        "p-value": 0.11290096063944764
    },
    "cuomo": {
        "chi2": 3.392134909346315,
        "p-value": 0.06550807794273371
    },
    "fox": {
        "chi2": 10.011338680169143,
        "p-value": 0.0015557939542969954
    },
    "cnn": {
        "chi2": 1.3063495738819617,
        "p-value": 0.25305664997081184
    },
    "fauci": {
        "chi2": 59.34260558997219,
        "p-value": 1.3247704137639168e-14
    },
    "pence": {
        "chi2": 6.231128241078643,
        "p-value": 0.012552373486886101
    },
    "abbott": {
        "chi2": 4.787462970012703,
        "p-value": 0.02866762204048147
    },
    "airport": {
        "chi2": 0.3897178015752393,
        "p-value": 0.5324477744941865
    },
    "bus": {
        "chi2": 1.597315779421211,
        "p-value": 0.20628401908100083
    },
    "public transportation": {
        "chi2": 0.14024207038651243,
        "p-value": 0.7080404800985203
    },
    "ship": {
        "chi2": 0.010710866200519245,
        "p-value": 0.917571455051573
    },
    "cruise": {
        "chi2": 2.6058997051444557,
        "p-value": 0.10646672053770515
    },
    "airplane": {
        "chi2": 0.0,
        "p-value": 1.0
    },
    "airline": {
        "chi2": 0.19795013424200178,
        "p-value": 0.6563805510874996
    },
    "usa": {
        "chi2": 0.4567127229273751,
        "p-value": 0.4991643071194666
    },
    "new york": {
        "chi2": 0.0,
        "p-value": 1.0
    },
    "rhode island": {
        "chi2": 0.05088355349301642,
        "p-value": 0.8215328956615017
    },
    "massachusetts": {
        "chi2": 0.005414082675718057,
        "p-value": 0.9413442273142003
    },
    "california": {
        "chi2": 0.14049052686862865,
        "p-value": 0.7077938484158737
    },
    "texas": {
        "chi2": 15.622941571500363,
        "p-value": 7.731090557960129e-05
    },
    "boston": {
        "chi2": 0.6879609644575031,
        "p-value": 0.406858799375476
    },
    "los angeles": {
        "chi2": 1.1735194083709994,
        "p-value": 0.2786792751894068
    },
    "connecticut": {
        "chi2": 1.6510436801677657,
        "p-value": 0.19881694015977172
    },
    "pennsylvania": {
        "chi2": 0.046264170290367855,
        "p-value": 0.8296963126428691
    },
    "georgia": {
        "chi2": 1.398865335360038,
        "p-value": 0.2369136428649192
    },
    "atlanta": {
        "chi2": 0.013895444821456581,
        "p-value": 0.9061635792403229
    },
    "uk": {
        "chi2": 8.25223783458988,
        "p-value": 0.004070179279674793
    },
    "united kingdom": {
        "chi2": 0.0,
        "p-value": 1.0
    },
    "germany": {
        "chi2": 2.9798360900884697,
        "p-value": 0.08430780993124208
    },
    "australia": {
        "chi2": 0.0,
        "p-value": 1.0
    },
    "china": {
        "chi2": 2.8665352474260635,
        "p-value": 0.09043937725714735
    },
    "beijing": {
        "chi2": 2.6058997051444557,
        "p-value": 0.10646672053770515
    },
    "taiwan": {
        "chi2": 0.0,