{
  "aerosol": {
    "0 - 200": 0,
    "200 - 400": 0,
    "400 - 600": 1,
    "600 - 800": 0,
    "800+": 0,
    "viral_prop": 0.0
  },
  "antibody": {
    "0 - 200": 2,
    "200 - 400": 5,
    "400 - 600": 8,
    "600 - 800": 3,
    "800+": 4,
    "viral_prop": 0.18181818181818182
  },
  "antibody test": {
    "0 - 200": 0,
    "200 - 400": 0,
    "400 - 600": 1,
    "600 - 800": 1,
    "800+": 2,
    "viral_prop": 0.5
  },
  "antigen test": {
    "0 - 200": 2,
    "200 - 400": 3,
    "400 - 600": 1,
    "600 - 800": 1,
    "800+": 2,
    "viral_prop": 0.2222222222222222
  },
  "convalescent plasma therapy": {
    "0 - 200": 0,
    "200 - 400": 0,
    "400 - 600": 1,
    "600 - 800": 0,
    "800+": 0,
    "viral_prop": 0.0
  },
  "droplet": {
    "0 - 200": 0,
    "200 - 400": 0,
    "400 - 600": 2,
    "600 - 800": 0,
    "800+": 1,
    "viral_prop": 0.3333333333333333
  },
  "emergency use authorization": {
    "0 - 200": 0,
    "200 - 400": 4,
    "400 - 600": 6,
    "600 - 800": 2,
    "800+": 9,
    "viral_prop": 0.42857142857142855
  },
  "endemic": {
    "0 - 200": 0,
    "200 - 400": 0,
    "400 - 600": 0,
    "600 - 800": 1,
    "800+": 0,
    "viral_prop": 0.0
  },
  "epidemic": {
    "0 - 200": 1,
    "200 - 400": 2,
    "400 - 600": 5,
    "600 - 800": 0,
    "800+": 2,
    "viral_prop": 0.2
  },
  "herd immunity": {
    "0 - 200": 1,
    "200 - 400": 1,
    "400 - 600": 0,
    "600 - 800": 0,
    "800+": 4,
    "viral_prop": 0.6666666666666666
  },
  "hydroxychloroquine": {
    "0 - 200": 0,
    "200 - 400": 0,
    "400 - 600": 0,
    "600 - 800": 0,
    "800+": 4,
    "viral_prop": 1.0
  },
  "n95": {
    "0 - 200": 0,
    "200 - 400": 0,
    "400 - 600": 0,
    "600 - 800": 1,
    "800+": 2,
    "viral_prop": 0.6666666666666666
  },
  "n95 mask": {
    "0 - 200": 0,
    "200 - 400": 0,
    "400 - 600": 0,
    "600 - 800": 1,
    "800+": 1,
    "viral_prop": 0.5
  },
  "mask": {
    "0 - 200": 6,
    "200 - 400": 26,
    "400 - 600": 21,
    "600 - 800": 11,
    "800+": 50,
    "viral_prop": 0.43859649122807015
  },
  "outbreak": {
    "0 - 200": 17,
    "200 - 400": 39,
    "400 - 600": 24,
    "600 - 800": 13,
    "800+": 24,
    "viral_prop": 0.20512820512820512
  },
  "pandemic": {
    "0 - 200": 73,
    "200 - 400": 146,
    "400 - 600": 73,
    "600 - 800": 51,
    "800+": 145,
    "viral_prop": 0.29713114754098363
  },
  "pcr": {
    "0 - 200": 1,
    "200 - 400": 0,
    "400 - 600": 0,
    "600 - 800": 0,
    "800+": 1,
    "viral_prop": 0.5
  },
  "personal protective equipment": {
    "0 - 200": 0,
    "200 - 400": 1,
    "400 - 600": 1,
    "600 - 800": 0,
    "800+": 2,
    "viral_prop": 0.5
  },
  "ppe": {
    "0 - 200": 3,
    "200 - 400": 25,
    "400 - 600": 19,
    "600 - 800": 10,
    "800+": 35,
    "viral_prop": 0.3804347826086957
  },
  "quarantine": {
    "0 - 200": 5,
    "200 - 400": 15,
    "400 - 600": 10,
    "600 - 800": 4,
    "800+": 8,
    "viral_prop": 0.19047619047619047
  },
  "remdesivir": {
    "0 - 200": 1,
    "200 - 400": 4,
    "400 - 600": 0,
    "600 - 800": 0,
    "800+": 3,
    "viral_prop": 0.375
  },
  "self-isolation": {
    "0 - 200": 0,
    "200 - 400": 2,
    "400 - 600": 0,
    "600 - 800": 0,
    "800+": 0,
    "viral_prop": 0.0
  },
  "social distancing": {
    "0 - 200": 2,
    "200 - 400": 9,
    "400 - 600": 2,
    "600 - 800": 1,
    "800+": 2,
    "viral_prop": 0.125
  },
  "state of emergency": {
    "0 - 200": 0,
    "200 - 400": 1,
    "400 - 600": 1,
    "600 - 800": 0,
    "800+": 1,
    "viral_prop": 0.3333333333333333
  },
  "swab test": {
    "0 - 200": 0,
    "200 - 400": 0,
    "400 - 600": 1,
    "600 - 800": 0,
    "800+": 0,
    "viral_prop": 0.0
  },
  "trial": {
    "0 - 200": 1,
    "200 - 400": 17,
    "400 - 600": 9,
    "600 - 800": 4,
    "800+": 13,
    "viral_prop": 0.29545454545454547
  },
  "vaccine": {
    "0 - 200": 52,
    "200 - 400": 168,
    "400 - 600": 147,
    "600 - 800": 77,
    "800+": 235,
    "viral_prop": 0.34609720176730485
  },
  "variant": {
    "0 - 200": 15,
    "200 - 400": 57,
    "400 - 600": 56,
    "600 - 800": 31,
    "800+": 60,
    "viral_prop": 0.273972602739726
  },
  "ventilator": {
    "0 - 200": 2,
    "200 - 400": 3,
    "400 - 600": 6,
    "600 - 800": 2,
    "800+": 7,
    "viral_prop": 0.35
  },
  "hospital": {
    "0 - 200": 8,
    "200 - 400": 41,
    "400 - 600": 39,
    "600 - 800": 24,
    "800+": 50,
    "viral_prop": 0.30864197530864196
  },
  "surgery": {
    "0 - 200": 0,
    "200 - 400": 2,
    "400 - 600": 1,
    "600 - 800": 1,
    "800+": 0,
    "viral_prop": 0.0
  },
  "respirator": {
    "0 - 200": 0,
    "200 - 400": 2,
    "400 - 600": 1,
    "600 - 800": 1,
    "800+": 3,
    "viral_prop": 0.42857142857142855
  },
  "emergency room": {
    "0 - 200": 0,
    "200 - 400": 1,
    "400 - 600": 1,
    "600 - 800": 0,
    "800+": 2,
    "viral_prop": 0.5
  },
  "emergency": {
    "0 - 200": 2,
    "200 - 400": 17,
    "400 - 600": 13,
    "600 - 800": 7,
    "800+": 22,
    "viral_prop": 0.36065573770491804
  },
  "biden": {
    "0 - 200": 11,
    "200 - 400": 44,
    "400 - 600": 60,
    "600 - 800": 25,
    "800+": 156,
    "viral_prop": 0.527027027027027
  },
  "trump": {
    "0 - 200": 3,
    "200 - 400": 18,
    "400 - 600": 30,
    "600 - 800": 26,
    "800+": 140,
    "viral_prop": 0.6451612903225806
  },
  "white house": {
    "0 - 200": 12,
    "200 - 400": 26,
    "400 - 600": 28,
    "600 - 800": 13,
    "800+": 42,
    "viral_prop": 0.34710743801652894
  },
  "cdc": {
    "0 - 200": 22,
    "200 - 400": 51,
    "400 - 600": 43,
    "600 - 800": 17,
    "800+": 42,
    "viral_prop": 0.24
  },
  "world health organization": {
    "0 - 200": 2,
    "200 - 400": 5,
    "400 - 600": 4,
    "600 - 800": 9,
    "800+": 10,
    "viral_prop": 0.3333333333333333
  },
  "shutdown": {
    "0 - 200": 0,
    "200 - 400": 3,
    "400 - 600": 2,
    "600 - 800": 1,
    "800+": 3,
    "viral_prop": 0.3333333333333333
  },
  "lockdown": {
    "0 - 200": 2,
    "200 - 400": 16,
    "400 - 600": 16,
    "600 - 800": 8,
    "800+": 22,
    "viral_prop": 0.34375
  },
  "restrictions": {
    "0 - 200": 8,
    "200 - 400": 32,
    "400 - 600": 14,
    "600 - 800": 13,
    "800+": 17,
    "viral_prop": 0.20238095238095238
  },
  "democrat": {
    "0 - 200": 2,
    "200 - 400": 3,
    "400 - 600": 10,
    "600 - 800": 11,
    "800+": 27,
    "viral_prop": 0.5094339622641509
  },
  "republican": {
    "0 - 200": 1,
    "200 - 400": 9,
    "400 - 600": 13,
    "600 - 800": 10,
    "800+": 28,
    "viral_prop": 0.45901639344262296
  },
  "gop": {
    "0 - 200": 2,
    "200 - 400": 7,
    "400 - 600": 8,
    "600 - 800": 4,
    "800+": 17,
    "viral_prop": 0.4473684210526316
  },
  "senate": {
    "0 - 200": 1,
    "200 - 400": 5,
    "400 - 600": 4,
    "600 - 800": 1,
    "800+": 16,
    "viral_prop": 0.5925925925925926
  },
  "house": {
    "0 - 200": 14,
    "200 - 400": 46,
    "400 - 600": 37,
    "600 - 800": 21,
    "800+": 62,
    "viral_prop": 0.34444444444444444
  },
  "house of representatives": {
    "0 - 200": 0,
    "200 - 400": 0,
    "400 - 600": 0,
    "600 - 800": 0,
    "800+": 1,
    "viral_prop": 1.0
  },
  "harris": {
    "0 - 200": 0,
    "200 - 400": 3,
    "400 - 600": 2,
    "600 - 800": 1,
    "800+": 11,
    "viral_prop": 0.6470588235294118
  },
  "pelosi": {
    "0 - 200": 0,
    "200 - 400": 1,
    "400 - 600": 2,
    "600 - 800": 3,
    "800+": 11,
    "viral_prop": 0.6470588235294118
  },
  "sanders": {
    "0 - 200": 0,
    "200 - 400": 0,
    "400 - 600": 0,
    "600 - 800": 0,
    "800+": 3,
    "viral_prop": 1.0
  },
  "boris johnson": {
    "0 - 200": 0,
    "200 - 400": 5,
    "400 - 600": 3,
    "600 - 800": 0,
    "800+": 0,
    "viral_prop": 0.0
  },
  "cuomo": {
    "0 - 200": 1,
    "200 - 400": 15,
    "400 - 600": 13,
    "600 - 800": 10,
    "800+": 30,
    "viral_prop": 0.43478260869565216
  },
  "fox": {
    "0 - 200": 1,
    "200 - 400": 2,
    "400 - 600": 3,