{
  "aerosol": 431.0,
  "antibody": 661.4545454545455,
  "antibody test": 1342.25,
  "antigen test": 502.6666666666667,
  "asymptomaticcontact tracing": 0,
  "convalescent plasma therapy": 565.0,
  "diagnostic test": 0,
  "drive-thru testing": 0,
  "droplet": 675.3333333333334,
  "emergency use authorization": 943.6666666666666,
  "endemic": 710.0,
  "epidemic": 529.4,
  "flattening the curve": 0,
  "herd immunity": 1046.5,
  "hydroxychloroquine": 2199.75,
  "incubation period": 0,
  "infusion": 0,
  "n95 respirator": 0,
  "n95": 2997.0,
  "n95 mask": 3974.0,
  "mask": 1898.0087719298247,
  "outbreak": 827.9316239316239,
  "pandemic": 848.391393442623,
  "paxlovid": 0,
  "pcr test": 0,
  "pcr": 916.5,
  "personal protective equipment": 1423.5,
  "ppe": 993.2173913043479,
  "pre-symptomatic": 0,
  "quarantine": 725.5714285714286,
  "remdesivir": 751.375,
  "veklury": 0,
  "self-isolation": 302.5,
  "serology test": 0,
  "social distancing": 508.875,
  "state of emergency": 1003.3333333333334,
  "swab test": 488.0,
  "tocilizumab": 0,
  "actemra": 0,
  "trial": 683.9090909090909,
  "vaccine": 927.6686303387335,
  "variant": 907.5890410958904,
  "ventilator": 1251.7,
  "viral load": 0,
  "viral shedding": 0,
  "viral test": 0,
  "hospital": 1031.320987654321,
  "surgery": 411.75,
  "respirator": 707.5714285714286,
  "emergency room": 921.5,
  "emergency": 838.344262295082,
  "biden": 1391.212837837838,
  "trump": 1918.142857142857,
  "white house": 1015.3553719008264,
  "cdc": 889.6857142857143,
  "center for disease controlwho": 0,
  "world health organization": 1111.6333333333334,
  "shutdown": 727.5555555555555,
  "lockdown": 1193.390625,
  "restrictions": 790.047619047619,
  "democrat": 1621.9245283018868,
  "republican": 1119.377049180328,
  "gop": 1122.9473684210527,
  "senate": 1177.1851851851852,
  "house": 943.9888888888889,
  "house of representatives": 920.0,
  "harris": 1248.0588235294117,
  "pelosi": 1710.9411764705883,
  "romney": 0,
  "sanders": 1539.3333333333333,
  "boris johnson": 382.875,
  "cuomo": 982.0289855072464,
  "fox": 1931.56,
  "cnn": 1048.0960698689955,
  "fauci": 1637.165137614679,
  "pence": 1284.0,
  "abbott": 1839.5238095238096,
  "airport": 412.57142857142856,
  "bus": 736.8181818181819,
  "public transportation": 1557.0,
  "ship": 1207.418181818182,
  "cruise": 504.61538461538464,
  "airplane": 333.0,
  "airline": 1058.0,
  "usa": 1375.9333333333334,
  "united_states": 0,
  "new york": 1135.504854368932,
  "rhode island": 685.0,
  "massachusetts": 683.0,
  "california": 1338.258064516129,
  "texas": 2351.5128205128203,
  "boston": 437.75,
  "los angeles": 572.4285714285714,
  "connecticut": 1144.0,
  "pennsylvania": 6998.5,
  "georgia": 690.7222222222222,
  "atlanta": 746.0,
  "uk": 651.4571428571429,
  "united kingdom": 535.6,
  "germany": 383.55555555555554,
  "australia": 1084.3333333333333,
  "china": 734.90625,
  "beijing": 464.9230769230769,
  "taiwan": 706.2857142857143,
  "wuhan": 926.169014084507,
  "japan": 1091.9655172413793,
  "india": 671.984126984127,
  "tokyo": 557.0,
  "south africa": 933.9166666666666,
  "south korea": 1764.4,
  "north korea": 549.3333333333334,
  "vietnam": 1282.375,
  "eu": 721.7131147540983,
  "european union": 576.4,
  "russia": 623.2,
  "britain": 396.375,
  "stock": 415.54545454545456,
  "supply chain": 240.0,
  "inflation": 643.6666666666666,
  "deflation": 0,
  "market": 534.4117647058823,
  "wall street": 509.25,
  "economy": 913.7,
  "currency": 0,
  "commerce": 587.0,
  "pfizer": 1145.4318181818182,
  "moderna": 925.2452830188679,
  "jnjjohnson and johnson": 0,
  "booster": 523.1014492753624,
  "dose": 937.7272727272727,
  "first dose": 1446.6666666666667,
  "second dose": 365.2857142857143,
  "research": 1104.357142857143,
  "omicron": 643.3406593406594,
  "delta": 1223.064935064935,
  "positive": 1238.3422459893047,
  "negative": 1182.9545454545455,
  "cough": 0,
  "vomit": 0,
  "headache": 530.3333333333334,
  "nausea": 0,
  "chirstian": 0,
  "religion": 0,
  "religious": 1169.076923076923,
  "bible": 0,
  "fake news": 827.6666666666666,
  "death": 1088.9184782608695,
  "casualty": 0,
  "death toll": 853.96
}
